filename	idx	character	case	minTime	maxTime	rhyme	rhyme_duration	f0min	f0max	f0min_time	f0max_time	t1	t2	t3	t4	t5	t6	t7	t8	t9	t10	t11	t12	t13	t14	t15	t16	t17	t18	t19	t20
S2diaA1	1	小	Name(prefix)	0.3025	0.5025	yaw	0.06405999999999995	146.481	150.722	0.48229150677753657	0.43844	151.526	151.074	150.595	150.021	149.447	148.918	148.5	148.082	147.728	147.487	147.245	147.015	146.8	146.586	146.565	146.727	146.889	147.033	147.163	147.294
S2diaA1	2	英	Name	0.5025	0.59366	yin	0.09116000000000002	140.716	147.002	0.59366	0.5025	147.263	147.099	146.964	146.868	146.756	146.611	146.372	145.902	145.445	145.027	144.571	143.938	143.293	142.556	141.853	141.623	141.391	141.062	140.732	140.468
S2diaA1	0	儿	EXTRA	0.59366	0.68557	R	0.09191000000000005	140.181	144.62	0.595460636741682	0.673944994993657	140.208	140.313	140.459	140.572	140.679	140.79	140.901	141.104	141.334	141.565	141.797	142.181	142.632	143.108	143.597	144.034	144.437	144.612	144.618	144.387
S2diaA1	3	捏	Verb	0.68557	0.8525	yE	0.10322000000000009	129.338	143.706	0.7657505037809192	0.8382102871055342	134.913	134.106	131.192	129.594	130.297	130.915	131.464	131.854	132.186	133.513	134.916	136.159	137.594	139.522	141.072	142.186	142.98	143.601	143.256	142.658
S2diaA1	4	了	Aspect	0.8525	0.90906	o	0.02806999999999993	143.672	145.51	0.90906	0.88099	150.622	148.306	145.989	144.451	144.618	144.784	144.95	145.117	145.283	145.45	145.336	145.061	144.786	144.51	144.235	143.96	143.685	142.055	140.361	138.667
S2diaA1	5	个	Classifier	0.90906	0.99759	o	0.030139999999999945	102.499	104.125	0.99759	0.9691354875283447	104.125	104.125	104.099	104.069	104.039	104.009	103.979	103.95	103.852	103.721	103.589	103.457	103.325	103.194	103.076	102.976	102.876	102.776	102.676	102.577
S2diaA1	6	狮	Object	0.99759	1.38593	I	0.14778000000000002	92.037	134.5	1.2410104875283448	1.3635196269014904	92.037	92.202	92.976	94.837	98.237	101.746	105.157	108.493	111.917	116.13	119.267	123.021	127.416	129.599	131.485	132.503	133.359	134.383	133.396	132.224
S2diaA1	7	子	Object(suffix)	1.38593	1.5469	I	0.051509999999999945	109.115	118.12	1.5469	1.49539	121.75	120.599	119.448	118.297	116.999	115.675	114.352	113.271	113.12	112.969	112.819	112.525	112.123	111.721	111.318	110.735	110.138	109.541	108.673	107.13
S2diaN1B1	1	小	Name(prefix)	0.4233	0.6367	yaw	0.07045000000000001	154.016	163.96	0.5774498313953352	0.6367	154.607	154.523	154.357	154.19	154.024	154.478	154.963	155.449	155.996	156.634	157.271	157.909	158.588	159.273	159.959	160.739	161.733	162.726	163.72	164.593
S2diaN1B1	2	银	Name	0.6367	0.80193	in	0.13362000000000007	125.915	165.788	0.80193	0.66831	165.848	165.815	165.073	160.969	156.872	152.787	149.898	148.579	145.578	141.264	137.593	134.212	132.791	131.803	130.397	128.979	127.69	126.585	126.182	125.722
S2diaN1B1	3	拿	Verb	0.80193	0.90085	a	0.06467	108.669	115.057	0.90085	0.83618	116.516	115.825	115.134	114.765	114.438	114.11	113.781	113.392	113.004	112.615	112.21	111.718	111.225	110.733	110.255	109.811	109.368	108.924	108.421	107.838
S2diaN1B1	4	了	Aspect	0.90085	0.9725	o	0.035760000000000014	101.067	110.424	0.9680073696145125	0.9420550056087504	108.313	108.915	109.518	110.12	110.019	109.2	108.381	107.562	106.743	105.924	105.104	104.436	103.917	103.397	102.878	102.359	101.839	101.32	101.067	101.067
S2diaN1B1	5	个	Classifier	0.9725	1.04804	o	0.030560000000000143	103.401	104.662	1.04804	1.01748	104.742	104.585	104.467	104.349	104.232	104.114	103.997	103.879	103.762	103.682	103.646	103.609	103.573	103.536	103.5	103.463	103.427	103.366	103.246	103.126
S2diaN1B1	6	篮	Object	1.04804	1.3125	E	0.24614000000000003	89.58	101.754	1.2019027154163893	1.101965087642725	101.766	100.156	100.134	101.474	97.166	95.148	93.889	92.717	92.003	91.307	90.38	89.734	90.876	92.631	94.171	95.591	95.826	95.194	94.001	91.613
S2diaN1B1	7	子	Object(suffix)	1.3125	1.51848	I	0.024920000000000053	96.063	99.745	1.4555073696145127	1.43356	100.348	100.268	100.189	100.109	100.03	99.95	99.871	99.791	99.592	99.225	98.858	98.491	98.124	97.757	97.389	97.022	96.655	96.288	96.063	96.063
S2diaNA1	1	小	Name(prefix)	0.4425	0.6925	yaw	0.07647000000000004	123.955	131.087	0.643179493806055	0.61603	134.726	132.118	129.461	126.772	124.46	124.24	124.02	123.987	124.033	124.137	124.416	124.694	125.84	127.207	128.286	128.816	129.346	128.881	128.297	127.681
S2diaNA1	2	英	Name	0.6925	0.8825	yin	0.18999999999999995	122.952	132.627	0.7558027077899884	0.8636360716934428	127.023	128.067	128.275	126.85	125.866	124.753	123.403	123.128	123.655	124.294	125.165	126.732	127.931	129.095	130.016	129.741	130.486	132.077	132.586	132.244
S2diaNA1	3	捏	Verb	0.8825	1.0025	yE	0.09406999999999999	123.416	127.408	1.0025	0.9269193449927657	127.243	126.882	127.099	127.281	127.354	127.225	126.509	125.661	124.44	123.531	123.464	123.615	124.334	124.987	125.476	125.932	126.307	126.556	126.511	123.594
S2diaNA1	4	了	Aspect	1.0025	1.06557	o	0.03406999999999982	134.175	149.346	1.0619897959183673	1.0315	149.647	149.43	148.496	147.106	145.716	144.326	142.936	141.639	141.114	140.588	140.063	139.537	139.012	138.296	137.454	136.613	135.772	134.931	134.175	134.175
S2diaNA1	5	个	Classifier	1.06557	1.1818	o	0.055989999999999984	95.458	110.005	1.1818	1.1276147959183673	110.005	109.657	108.679	107.701	106.72	105.445	104.169	102.894	101.656	100.437	99.218	98.107	97.235	96.364	95.493	95.611	95.77	95.93	95.384	94.391
S2diaNA1	6	狮	Object	1.1818	1.54595	I	0.1479999999999999	88.409	150.135	1.39795	1.54595	87.182	89.164	90.485	92.284	94.499	97.894	101.627	104.619	106.652	108.978	113.572	119.639	126.457	133.055	137.198	139.937	142.308	144.563	146.8	149.553
S2diaNA1	7	子	Object(suffix)	1.54595	1.70554	I	0.03208999999999995	115.38	122.021	1.69554	1.66345	123.263	123.011	122.759	122.507	122.256	121.985	121.449	120.914	120.378	119.843	119.307	118.757	118.156	117.555	116.954	116.353	115.752	115.133	114.483	113.834
S2diaN1C5	1	小	Name(prefix)	0.32397	0.49577	yaw	0.05530999999999997	116.113	123.466	0.4444727891156463	0.49577	116.113	116.113	116.466	117.108	117.75	118.392	118.961	119.495	120.029	120.564	121.174	121.803	122.432	123.061	123.193	123.286	123.378	123.478	123.708	123.937
S2diaN1C5	2	影	Name	0.49577	0.6389	yin	0.14313000000000003	124.356	131.506	0.49577	0.6389	124.167	124.79	125.812	128.532	128.289	127.011	127.044	127.599	128.282	128.539	128.696	128.746	128.546	128.881	129.413	129.842	130.262	130.632	130.835	131.186
S2diaN1C5	3	买	Verb	0.6389	0.73655	@y	0.06481000000000003	134.532	135.947	0.73655	0.697547222487435	134.704	134.867	135.031	135.222	135.455	135.689	135.904	135.917	135.931	135.944	135.87	135.771	135.673	135.533	135.347	135.161	134.983	134.839	134.695	134.552
S2diaN1C5	4	了	Aspect	0.73655	0.80202	o	0.039529999999999954	115.513	124.564	0.7980442176870749	0.76249	125.195	124.829	124.478	124.164	123.85	123.537	123.223	122.909	122.356	121.763	121.169	120.575	119.982	119.315	118.553	117.791	117.029	116.267	115.513	115.513
S2diaN1C5	5	把	Classifier	0.80202	0.92993	a	0.08586000000000005	95.305	106.161	0.9218337674601088	0.84407	119.222	111.791	105.957	105.117	104.277	103.19	102.02	101.021	100.533	100.045	99.42	98.751	98.125	97.623	97.12	96.55	95.96	95.504	95.415	95.325
S2diaN1C5	6	椅	Object	0.92993	1.18179	i	0.25185999999999986	99.235	161.578	0.92993	1.1647337308776424	96.521	99.93	101.856	102.099	102.132	103.025	104.168	107.763	112.048	115.989	122.768	126.628	130.947	136.127	141.792	148.086	152.299	155.863	159.659	160.702
S2diaN1C5	7	子	Object(suffix)	1.18179	1.37094	I	0.055379999999999985	78.492	93.777	1.3659013605442176	1.31556	94.185	94.034	93.883	93.623	93.105	92.587	92.069	91.47	90.762	90.054	89.345	88.832	88.472	88.113	87.753	86.012	83.648	81.283	78.919	78.492
S2diaD1	1	小	Name(prefix)	0.27567	0.4833	yaw	0.07003999999999999	159.317	166.133	0.43213355866572195	0.47648728491141373	162.0	162.0	161.407	160.656	159.904	159.398	159.767	160.137	160.506	161.011	161.589	162.166	162.741	163.279	163.818	164.356	164.836	165.26	165.684	166.108
S2diaD1	2	映	Name	0.4833	0.75347	in	0.23214	77.844	141.565	0.6916589528803168	0.52133	146.02	138.609	127.765	120.209	106.564	101.061	94.812	86.641	82.784	80.332	79.496	80.428	80.965	79.962	78.595	78.177	79.488	80.734	81.653	81.299
S2diaD1	3	买	Verb	0.75347	0.98077	@y	0.1079	126.243	134.701	0.87287	0.9668578362616076	123.749	125.635	126.63	127.201	127.689	128.029	128.367	128.667	128.967	129.486	130.087	130.664	131.205	131.758	132.432	133.107	133.741	134.364	134.349	133.583
S2diaD1	4	了	Aspect	0.98077	1.04855	o	0.050980000000000136	112.317	127.955	1.04855	0.99757	131.346	130.183	129.02	127.838	126.449	125.06	123.671	122.282	120.947	119.853	118.759	117.665	116.571	115.584	114.878	114.172	113.466	112.76	112.239	112.028
S2diaD1	5	双	Classifier	1.04855	1.23305	waN	0.09057999999999988	111.828	115.979	1.23305	1.1812731413380482	114.925	114.664	114.402	114.282	114.634	114.985	115.309	115.602	115.895	115.841	115.647	115.453	115.047	114.63	114.201	113.722	113.242	112.791	112.377	111.963
S2diaD1	6	袜	Object	1.23305	1.52291	a	0.20724999999999993	91.153	109.261	1.4878470480076482	1.29566	109.793	109.128	107.775	105.879	104.0	102.282	100.779	99.568	99.384	99.037	98.976	98.934	98.167	95.724	94.057	93.153	92.554	91.884	91.174	91.154
S2diaD1	7	子	Object(suffix)	1.52291	1.79966	I	0.12919999999999998	62.428	96.722	1.7675028344671202	1.6527398926541317	96.192	96.379	96.653	96.284	95.699	94.851	93.943	92.038	89.995	88.539	87.094	82.934	78.834	75.483	72.03	67.946	64.68	64.608	64.259	63.16
S2diaND1	1	小	Name(prefix)	0.30437	0.49544	yaw	0.07750999999999997	167.506	175.277	0.42548087221203423	0.4783522421851554	169.261	168.49	167.719	168.349	169.513	170.678	171.113	170.814	170.516	170.346	170.52	170.694	170.925	172.294	173.664	175.033	174.61	173.799	172.988	171.994
S2diaND1	2	映	Name	0.49544	0.68112	in	0.15672999999999992	99.203	156.315	0.617899084015803	0.52439	157.585	150.023	141.131	133.217	126.332	120.442	114.029	108.213	103.785	101.315	99.766	99.382	99.257	99.358	99.861	100.317	100.632	100.935	101.244	101.613
S2diaND1	3	买	Verb	0.68112	0.81532	@y	0.08277000000000001	91.946	96.431	0.8138946167075104	0.7726109780572412	96.427	96.407	96.391	96.38	96.368	96.357	96.348	96.338	96.343	96.376	96.408	96.379	96.218	96.058	95.575	94.337	93.099	92.182	92.096	92.01
S2diaND1	4	了	Aspect	0.81532	0.8815	o	0.04527999999999999	91.584	92.314	0.8584564756551734	0.8799322474737362	92.241	92.241	92.166	92.052	91.938	91.824	91.71	91.611	91.606	91.601	91.596	91.591	91.586	91.666	91.798	91.93	92.062	92.195	92.31	92.267
S2diaND1	5	双	Classifier	0.8815	1.06006	waN	0.09775	114.644	117.604	0.9871154735317921	1.06006	116.871	116.46	115.777	115.117	114.929	114.741	114.831	115.215	115.599	116.015	116.433	116.75	116.896	117.041	116.967	116.844	116.838	117.171	117.504	117.747
S2diaND1	6	袜	Object	1.06006	1.32898	a	0.16647999999999996	86.213	110.335	1.28898	1.1225	111.293	109.307	107.207	105.761	104.274	102.736	101.021	99.37	97.793	97.232	96.405	95.268	93.785	92.217	90.566	89.383	88.418	87.681	86.724	85.631
S2diaND1	7	子	Object(suffix)	1.32898	1.56062	I	0.07805000000000017	77.478	96.221	1.51062	1.43257	101.685	98.494	96.009	95.273	94.536	93.756	92.501	91.247	89.992	89.105	88.266	87.428	86.01	84.316	82.622	81.102	79.774	78.445	76.873	74.653
S2diaND5	1	小	Name(prefix)	0.292	0.47499	yaw	0.07239000000000001	144.502	152.115	0.40380102040816324	0.47499	144.502	144.95	145.62	146.291	146.731	146.333	145.934	145.535	145.283	145.076	144.87	144.912	145.516	146.119	146.723	148.122	149.658	151.194	152.199	152.41
S2diaND5	2	映	Name	0.47499	0.65826	in	0.15032	100.502	143.446	0.6211095193990953	0.50794	146.924	143.797	137.922	132.44	129.521	125.856	121.609	118.118	114.798	111.755	108.933	106.277	104.301	102.514	101.094	100.61	100.795	101.731	102.46	102.391
S2diaND5	3	卖	Verb	0.65826	0.77312	@y	0.05490000000000006	80.742	82.695	0.7608641456859221	0.77312	84.102	83.737	83.372	83.007	82.681	82.587	82.492	82.398	82.303	82.141	81.931	81.721	81.512	81.305	81.18	81.056	80.931	80.806	81.61	83.403
S2diaND5	4	了	Aspect	0.77312	0.83796	o	0.04203000000000001	90.258	91.342	0.79593	0.83796	89.73	89.871	90.012	90.153	90.279	90.361	90.444	90.527	90.61	90.692	90.78	90.88	90.979	91.079	91.179	91.278	91.342	91.342	91.342	91.342
S2diaND5	5	双	Classifier	0.83796	1.03167	waN	0.10091000000000006	107.426	116.895	0.9618536430019042	1.0268074414962847	112.24	111.534	110.828	109.666	108.46	107.715	107.573	107.432	108.228	109.068	110.073	111.258	112.443	113.352	114.262	115.036	115.685	116.316	116.554	116.792
S2diaND5	6	袜	Object	1.03167	1.26295	a	0.1573	87.24	106.238	1.2413010204081634	1.08565	107.479	105.72	103.881	102.156	100.57	99.738	99.158	98.815	98.586	98.235	97.627	97.066	96.532	96.06	95.231	94.131	93.221	92.24	91.138	89.068
S2diaND5	7	子	Object(suffix)	1.26295	1.51065	I	0.11606000000000005	65.477	93.032	1.484681545622627	1.39459	93.92	93.36	92.717	91.952	91.15	90.239	89.223	87.314	85.406	83.599	81.797	80.583	79.518	75.063	68.721	65.571	65.764	65.886	65.867	65.693
S2diaN1C1	1	小	Name(prefix)	0.24858	0.46293	yaw	0.060429999999999984	124.974	136.488	0.41239354088090613	0.46293	125.489	125.489	125.386	125.22	125.054	125.665	127.002	128.338	129.512	130.454	131.396	132.307	133.149	133.991	134.732	135.085	135.438	135.779	136.015	136.252
S2diaN1C1	2	影	Name	0.46293	0.6405	yin	0.17756999999999995	141.956	154.511	0.46293	0.6405	136.493	141.671	147.752	148.025	147.665	147.959	149.688	151.348	151.892	152.562	153.178	152.613	151.78	152.025	152.704	152.829	153.041	153.507	154.127	154.508
S2diaN1C1	3	买	Verb	0.6405	0.75098	@y	0.06777999999999995	148.074	157.831	0.6864333476521476	0.734213656691061	149.447	148.461	149.228	151.13	153.032	154.088	154.983	155.83	156.079	156.328	156.601	156.929	157.256	157.49	157.643	157.797	157.678	157.481	157.279	156.496
S2diaN1C1	4	了	Aspect	0.75098	0.8229	o	0.04177999999999993	127.189	146.739	0.8229	0.78112	146.842	146.476	146.119	145.762	145.406	144.833	143.61	142.387	141.164	139.94	138.739	137.544	136.349	135.154	133.854	132.273	130.691	129.11	127.529	123.92
S2diaN1C1	5	把	Classifier	0.8229	0.9468	a	0.06933	107.633	120.469	0.9468	0.87747	121.545	121.036	120.527	119.541	118.495	117.382	115.974	114.566	113.347	112.335	111.324	110.403	109.508	108.651	108.303	107.956	107.721	107.684	107.646	107.143
S2diaN1C1	6	椅	Object	0.9468	1.17328	i	0.22648000000000013	105.612	179.834	0.9551488169885277	1.151209834067816	106.4	105.614	108.326	112.416	115.346	116.431	118.787	121.167	121.753	124.831	129.107	133.802	140.026	149.577	159.177	169.028	175.48	177.581	179.75	176.849
S2diaN1C1	7	子	Object(suffix)	1.17328	1.34701	I	0.014510000000000023	88.346	96.351	1.316045918367347	1.3025	96.577	96.538	96.498	96.459	96.42	96.381	96.196	95.576	94.957	94.337	93.718	93.098	92.479	91.859	91.24	90.621	90.001	89.382	88.762	88.346
S2diaD5	1	小	Name(prefix)	0.27758	0.44402	yaw	0.055290000000000006	158.875	163.76	0.42141756862833785	0.38873	174.6	172.045	169.49	166.935	164.38	163.028	162.061	161.094	160.127	159.361	159.248	159.134	159.021	158.908	159.252	159.78	160.308	160.836	161.416	162.213
S2diaD5	2	映	Name	0.44402	0.61474	in	0.14591999999999994	109.854	155.165	0.61474	0.46882	158.661	154.947	152.524	149.858	146.791	142.99	138.818	136.47	134.477	133.317	131.136	128.026	124.624	121.154	117.682	114.884	113.168	111.787	110.57	110.147
S2diaD5	3	卖	Verb	0.61474	0.78807	@y	0.1354700000000001	90.965	100.978	0.7181050985520029	0.6526	102.204	101.403	100.727	100.194	98.645	96.488	94.707	93.032	91.931	90.974	91.077	91.293	91.864	92.237	92.313	92.348	92.35	92.689	93.169	94.415
S2diaD5	4	了	Aspect	0.78807	0.8882	o	0.06879000000000002	109.664	110.576	0.81941	0.8402663929183094	109.097	109.898	110.51	110.53	110.549	110.568	110.57	110.562	110.553	110.544	110.499	110.453	110.407	110.327	110.183	110.039	109.895	109.816	109.764	109.713
S2diaD5	5	双	Classifier	0.8882	1.14558	waN	0.16318	97.317	115.551	1.0265775500828254	1.14558	109.504	108.218	104.182	101.014	98.577	97.591	97.813	98.738	100.674	103.326	106.015	106.4	107.73	109.643	110.623	111.571	112.489	113.848	114.871	115.509
S2diaD5	6	袜	Object	1.14558	1.40769	a	0.1895	89.05	110.237	1.38769	1.19819	110.663	108.863	106.868	104.623	102.284	100.763	99.937	99.659	99.488	99.019	98.399	97.582	96.346	94.618	93.094	91.929	91.231	90.617	89.764	88.821
S2diaD5	7	子	Object(suffix)	1.40769	1.67715	I	0.09323999999999999	61.589	85.618	1.60649329807786	1.5446480940369356	84.848	85.029	85.3	85.572	85.591	85.607	85.485	85.052	84.618	83.835	82.842	81.848	79.253	76.561	73.306	68.464	63.622	61.639	61.724	61.809
S2diaNA5	1	小	Name(prefix)	0.36813	0.55328	yaw	0.07647999999999999	127.348	141.794	0.5036752462103447	0.48070011337868473	141.794	141.794	141.239	140.673	137.7	132.578	127.871	128.136	128.402	128.207	127.737	127.365	127.465	127.564	129.595	132.369	134.434	134.588	134.742	137.341
S2diaNA5	2	英	Name	0.55328	0.68904	yin	0.13576	134.948	146.462	0.68904	0.5926876841530059	140.482	142.769	143.057	142.847	142.902	144.22	146.085	142.915	142.123	142.255	142.526	142.685	142.473	142.21	142.687	142.129	141.0	139.403	137.44	135.891
S2diaNA5	3	捏	Verb	0.68904	0.84343	yE	0.12524999999999997	125.954	137.727	0.71818	0.8211884257375514	123.603	125.951	126.102	126.779	127.982	129.702	131.935	134.642	135.246	134.817	133.417	132.477	131.428	130.38	133.693	136.129	137.717	137.353	136.173	134.274
S2diaNA5	5	个	Classifier	0.84343	0.93568	o	0.026509999999999923	104.776	112.974	0.92568	0.89917	113.242	113.138	113.034	112.733	112.174	111.615	111.056	110.497	109.937	109.378	108.804	108.204	107.604	107.004	106.404	105.804	105.204	104.728	104.559	104.391
S2diaNA5	6	狮	Object	0.93568	1.27721	I	0.12985999999999986	91.613	129.797	1.14735	1.27721	89.748	91.198	93.545	96.298	99.174	101.555	103.743	105.788	109.285	113.667	118.859	124.142	127.665	129.675	129.77	129.248	128.399	127.319	126.4	127.733
S2diaNA5	7	子	Object(suffix)	1.27721	1.43507	I	0.044850000000000056	109.911	115.138	1.40507	1.3780423810945697	110.645	110.858	111.789	112.72	113.65	114.544	114.687	114.831	114.975	115.119	114.687	114.166	113.646	113.126	112.462	111.732	111.002	110.272	109.58	108.927
S2diaN1B5	1	小	Name(prefix)	0.29652	0.51047	yaw	0.06677	115.929	120.016	0.48262425082380284	0.51047	116.419	116.297	116.175	116.052	115.93	116.164	116.401	116.638	116.875	116.88	116.651	116.422	116.193	115.969	116.87	117.772	118.673	119.575	120.215	120.605
S2diaN1B5	2	银	Name	0.51047	0.65156	in	0.11031000000000002	105.071	118.156	0.65156	0.54125	119.43	118.226	116.996	115.764	114.565	113.482	112.399	111.697	111.372	111.047	110.518	109.932	109.337	108.61	107.882	107.11	106.252	105.394	104.673	104.036
S2diaN1B5	3	拿	Verb	0.65156	0.74591	a	0.06491999999999998	90.504	100.633	0.74591	0.68099	100.845	99.84	98.643	97.445	96.248	95.085	94.724	94.363	94.003	93.642	93.311	93.02	92.729	92.439	92.148	91.815	91.472	91.129	90.786	90.442
S2diaN1B5	4	了	Aspect	0.74591	0.8225	o	0.044580000000000064	90.725	91.254	0.77792	0.7913333730199531	90.557	90.726	90.896	91.065	91.235	91.212	91.165	91.118	91.071	91.024	90.977	90.933	90.901	90.87	90.838	90.806	90.775	90.743	90.725	90.725
S2diaN1B5	5	个	Classifier	0.8225	0.92479	o	0.016059999999999963	79.625	79.625	0.92479	0.90873	81.499	81.386	81.273	81.161	81.048	80.935	80.823	80.71	80.597	80.485	80.372	80.259	80.147	80.034	79.921	79.809	79.696	79.609	79.565	79.521
S2diaN1B5	6	篮	Object	0.92479	1.24402	E	0.2824199999999999	72.003	81.506	1.24402	0.9797159328389272	80.549	81.445	81.363	79.704	77.401	76.779	77.276	77.921	77.974	78.003	78.385	78.238	77.874	78.572	78.687	77.994	77.189	75.906	74.342	72.784
S2diaN1B5	7	子	Object(suffix)	1.24402	1.54024	I	0.10766000000000009	67.233	89.078	1.4770861678004537	1.37258	89.696	89.467	89.237	89.07	89.044	89.017	88.711	88.146	87.58	86.337	84.845	83.353	80.528	77.627	75.195	75.251	75.306	74.258	71.348	68.438
S2diaA5	1	小	Name(prefix)	0.31256	0.48917	yaw	0.06670999999999999	162.735	170.613	0.4453609886792145	0.48917	167.731	167.682	166.255	164.828	163.859	163.286	162.738	162.83	162.922	163.451	164.352	165.239	165.82	166.401	167.24	168.296	169.328	169.851	170.375	170.676
S2diaA5	2	英	Name	0.48917	0.59928	yin	0.11011000000000004	170.899	177.559	0.59928	0.5765450013953308	170.79	171.075	171.492	171.449	171.684	172.415	172.689	173.149	174.032	174.442	174.79	175.176	175.457	175.868	176.61	177.182	177.46	177.113	175.424	173.133
S2diaA5	3	捏	Verb	0.59928	0.73866	yE	0.09385999999999994	152.537	173.2	0.6627787282504565	0.7308418942357158	158.902	159.247	156.475	152.647	152.725	153.1	154.217	155.328	156.432	157.528	158.621	159.81	161.112	163.377	165.418	166.972	168.887	171.106	172.305	173.191
S2diaA5	4	了	Aspect	0.73866	0.79713	o	0.02917000000000003	184.315	196.781	0.79713	0.7750158122253424	194.549	194.971	195.393	195.814	196.236	196.657	196.37	195.788	195.207	194.625	194.044	193.462	191.869	190.269	188.669	187.068	185.468	183.585	180.972	178.359
S2diaA5	5	个	Classifier	0.79713	0.89519	o	0.04566999999999999	115.278	133.108	0.89519	0.84952	133.232	133.001	132.781	132.562	132.343	131.932	131.485	131.037	130.534	129.796	129.058	128.32	127.313	126.082	124.85	123.619	121.476	119.226	116.976	115.208
S2diaA5	6	狮	Object	0.89519	1.27583	I	0.15399000000000007	98.29	153.229	1.123814723328641	1.245018860801809	98.435	98.672	99.322	100.513	102.76	104.177	106.203	110.317	115.613	122.845	129.677	134.85	139.189	143.753	148.625	152.141	153.102	152.524	151.52	151.02
S2diaA5	7	子	Object(suffix)	1.27583	1.45576	I	0.03935999999999984	103.912	129.01	1.44576	1.4064	131.347	129.588	128.227	127.06	125.893	124.727	122.481	118.85	115.218	111.586	108.649	108.44	108.231	108.022	107.813	106.915	105.996	105.076	104.156	102.632
S2diaN1D5	1	小	Name(prefix)	0.43404	0.5949	yaw	0.05735000000000001	181.182	186.714	0.5949	0.5394019274376418	186.714	186.513	185.944	185.375	184.807	184.238	183.721	183.204	182.686	182.169	181.892	181.752	181.613	181.473	181.36	181.316	181.273	181.229	181.185	180.588
S2diaN1D5	2	映	Name	0.5949	0.70693	in	0.08866999999999992	109.265	167.261	0.70693	0.61826	169.548	168.375	167.194	165.883	164.571	162.401	157.375	152.35	147.496	142.888	138.281	134.547	131.414	128.281	125.31	122.386	119.463	115.924	112.355	109.004
S2diaN1D5	3	卖	Verb	0.70693	0.81337	@y	0.06591000000000002	84.781	94.298	0.8046320328181155	0.74746	95.205	94.532	93.715	92.821	91.926	91.032	90.716	90.495	90.274	89.996	88.908	87.821	86.733	85.859	85.553	85.246	84.94	84.839	84.959	85.079
S2diaN1D5	4	了	Aspect	0.81337	0.8877	o	0.039080000000000004	89.605	96.559	0.83862	0.8769019274376418	89.545	89.838	90.226	90.614	91.002	91.39	91.778	92.139	92.396	92.653	92.909	93.166	93.423	93.679	94.086	94.528	94.971	95.413	95.855	96.298
S2diaN1D5	5	双	Classifier	0.8877	1.07671	waN	0.10070000000000001	109.293	116.386	1.0032025996418152	0.9769019274376418	116.386	114.406	111.999	110.258	109.808	109.357	109.546	109.842	110.512	111.808	113.103	113.886	114.606	115.216	115.669	116.122	115.958	115.746	115.25	114.4
S2diaN1D5	6	袜	Object	1.07671	1.33979	a	0.18713000000000002	89.287	96.426	1.326901927437642	1.14266	97.791	96.417	95.674	94.831	93.96	93.127	92.618	92.218	91.983	91.974	92.023	91.786	91.373	90.896	90.329	89.993	89.831	89.777	89.565	89.391
S2diaN1D5	7	子	Object(suffix)	1.33979	1.55391	I	0.0597700000000001	86.039	95.527	1.52391	1.4644019274376419	95.527	95.219	94.881	94.543	94.206	93.547	92.771	91.994	91.217	90.632	90.205	89.779	89.352	88.816	88.089	87.361	86.634	85.616	83.289	80.961
S2diaC1	1	小	Name(prefix)	0.36417	0.5625	yaw	0.08383000000000002	129.733	141.181	0.5363307065430943	0.4823653628117914	141.181	141.138	140.779	140.419	137.749	134.769	133.275	132.598	131.994	131.495	131.108	131.261	131.414	130.717	129.961	131.265	133.459	135.579	137.611	139.348
S2diaC1	2	影	Name	0.5625	0.7525	yin	0.18999999999999995	139.813	142.39	0.7525	0.7208064599140355	140.065	140.835	140.86	140.548	140.22	140.41	140.403	139.988	140.316	140.956	140.672	141.027	141.022	141.339	141.786	141.72	142.216	142.35	142.128	141.201
S2diaC1	3	买	Verb	0.7525	0.87388	@y	0.09228999999999998	138.951	141.379	0.78700501045382	0.8553649942787488	139.201	138.957	138.965	139.325	139.774	140.268	140.776	140.805	140.662	140.593	140.555	140.564	140.597	140.667	140.758	140.969	141.257	140.964	140.247	139.859
S2diaC1	4	了	Aspect	0.87388	0.96432	o	0.05163999999999991	113.278	136.766	0.9511153628117913	0.90268	137.478	136.29	135.087	133.884	132.681	131.556	130.454	129.353	128.262	127.232	126.203	125.174	123.879	122.32	120.761	119.203	117.628	116.051	114.474	113.278
S2diaC1	5	把	Classifier	0.96432	1.1125	a	0.08836	106.424	110.354	1.1064681997946082	1.0261153628117914	110.354	109.875	109.008	108.117	107.193	106.567	106.604	106.72	107.181	107.61	107.593	107.575	107.447	107.313	107.517	107.795	107.47	106.884	106.578	106.478
S2diaC1	6	椅	Object	1.1125	1.42166	i	0.3091599999999999	109.198	158.798	1.1125	1.385293771888639	107.018	111.767	113.267	111.883	112.162	114.378	116.487	118.557	120.942	124.723	128.448	133.347	137.076	142.117	147.776	150.646	153.673	157.318	158.394	150.893
S2diaC1	7	子	Object(suffix)	1.42166	1.59163	I	0.05270000000000019	89.614	103.574	1.5886153628117914	1.53893	104.861	103.655	102.855	102.084	101.314	100.622	100.062	99.502	98.942	97.925	96.807	95.689	94.531	93.257	91.983	90.709	90.188	89.987	89.786	89.614
S2diaNC1	1	小	Name(prefix)	0.25188	0.43653	yaw	0.028260000000000007	155.275	162.36	0.40653	0.37933319160997736	162.36	162.18	161.451	160.722	159.994	159.265	158.536	157.808	157.318	156.978	156.639	156.3	155.961	155.621	155.282	155.176	155.075	154.973	154.872	154.771
S2diaNC1	2	影	Name	0.43653	0.62049	yin	0.17396	159.504	172.286	0.6145370509926915	0.5183037571323502	161.128	163.755	163.331	163.594	164.348	167.778	170.46	171.461	172.014	171.57	170.154	168.163	166.649	167.19	166.713	165.163	163.341	161.672	160.389	159.648
S2diaNC1	3	买	Verb	0.62049	0.73483	@y	0.06808999999999998	160.956	165.281	0.73483	0.696535028500031	160.956	161.023	162.249	163.474	164.391	164.59	164.789	164.959	165.105	165.251	165.051	164.762	164.458	163.822	163.185	162.561	161.968	161.374	160.466	159.282
S2diaNC1	4	了	Aspect	0.73483	0.8072	o	0.03400000000000003	131.657	142.703	0.7972	0.7632	143.142	142.575	142.393	142.211	142.029	141.848	141.611	141.137	140.663	140.188	139.714	139.24	138.179	136.833	135.486	134.139	132.793	131.532	130.734	129.937
S2diaNC1	5	把	Classifier	0.8072	0.9525	a	0.09021999999999997	104.155	122.37	0.9523078291572068	0.8788940543055083	120.256	120.256	121.264	122.281	122.118	121.842	121.046	120.146	119.185	118.204	116.792	115.176	113.623	112.113	110.485	108.75	107.491	106.83	106.015	104.929
S2diaNC1	6	椅	Object	0.9525	1.18031	i	0.22780999999999996	105.553	170.386	0.9525	1.1606442897363607	104.348	106.636	112.579	115.737	113.092	114.214	118.137	123.078	125.695	127.983	131.545	136.265	140.849	147.948	153.055	156.426	162.22	168.124	170.384	169.596
S2diaNC1	7	子	Object(suffix)	1.18031	1.36405	I	0.022219999999999906	100.427	102.851	1.33405	1.324484146783164	99.644	99.818	99.992	100.166	100.34	100.57	100.857	101.144	101.432	101.719	102.006	102.293	102.58	102.815	102.193	101.572	100.951	100.329	99.708	99.087
S2diaNB5	1	小	Name(prefix)	0.24916	0.43138	yaw	0.05737999999999999	149.323	155.977	0.4258235816673247	0.3784580498866213	155.977	155.977	155.713	155.121	154.53	153.938	153.368	153.019	152.669	152.32	151.971	151.682	151.415	151.148	150.881	150.595	150.275	149.956	149.636	149.337
S2diaNB5	2	银	Name	0.43138	0.58072	in	0.12236000000000002	123.419	146.376	0.58072	0.45836	149.709	147.025	145.68	144.761	143.559	142.246	140.102	137.552	136.099	135.294	133.918	132.138	130.37	128.613	127.261	126.316	125.598	125.149	124.589	123.872
S2diaNB5	3	拿	Verb	0.58072	0.6898	a	0.07119999999999993	110.395	118.764	0.6898	0.6186	119.832	119.446	119.06	118.602	117.9	117.199	116.497	115.876	115.286	114.696	114.118	113.585	113.051	112.518	111.967	111.409	110.85	110.304	109.816	109.327
S2diaNB5	4	了	Aspect	0.6898	0.75924	o	0.03314000000000006	106.997	114.236	0.7534580498866214	0.7326923788179411	112.956	113.855	114.136	113.963	113.79	113.617	113.444	113.271	113.098	112.905	112.119	111.332	110.545	109.759	108.972	108.185	107.399	106.997	106.997	106.997
S2diaNB5	5	个	Classifier	0.75924	0.84307	o	0.019000000000000017	102.007	103.053	0.84307	0.8284580498866213	103.053	103.053	103.053	103.053	103.053	103.023	102.943	102.864	102.784	102.705	102.625	102.546	102.466	102.387	102.308	102.228	102.149	102.069	101.981	101.86
S2diaNB5	6	篮	Object	0.84307	1.12733	E	0.2416799999999999	85.21	101.115	1.1159580498866215	0.87565	100.936	99.315	98.315	97.639	97.367	97.389	97.074	96.524	96.049	95.591	95.265	95.344	95.544	95.075	93.749	93.131	94.157	93.408	91.77	89.568
S2diaNB5	7	子	Object(suffix)	1.12733	1.3825	I	0.03167999999999993	102.185	103.302	1.2625	1.23082	104.962	104.703	104.443	104.184	103.925	103.665	103.406	103.217	103.076	102.934	102.793	102.651	102.51	102.368	102.227	102.082	101.937	101.791	101.646	101.5
S2diaN1A5	1	小	Name(prefix)	0.44614	0.6007	yaw	0.06554000000000004	154.93	165.796	0.5955105306899593	0.53516	170.923	168.58	166.236	164.753	163.468	162.235	161.143	160.051	159.234	158.521	157.882	157.579	157.276	156.905	156.496	156.08	155.61	155.139	154.965	155.028
S2diaN1A5	2	英	Name	0.6007	0.70872	yin	0.10802	152.06	170.308	0.6853322303943382	0.6627160536887405	155.1	156.569	159.177	163.101	165.246	166.579	166.828	168.034	169.191	169.775	170.109	170.305	170.291	169.71	167.629	156.684	155.312	160.738	160.424	159.252
S2diaN1A5	3	捏	Verb	0.70872	0.79203	yE	0.06462000000000001	154.794	167.526	0.7319762636107774	0.79203	156.043	155.431	154.818	156.492	158.258	159.648	160.431	161.213	161.746	162.219	162.738	163.421	164.105	164.725	165.312	165.902	166.548	167.194	167.528	167.531
S2diaN1A5	4	了	Aspect	0.79203	0.8483	o	0.01377000000000006	152.44	152.44	0.83453	0.8483	151.78	151.838	151.896	151.955	152.013	152.071	152.13	152.188	152.246	152.305	152.363	152.421	156.881	163.497	170.114	176.73	183.347	189.963	196.579	203.196
S2diaN1A5	5	个	Classifier	0.8483	0.92101	o	0.03705999999999998	109.427	135.331	0.9173299319727892	0.8909285511306603	133.758	134.099	134.449	134.799	135.149	134.995	134.291	133.586	132.882	132.178	130.837	129.484	128.131	126.778	124.289	120.587	116.884	113.181	109.479	109.427
S2diaN1A5	6	狮	Object	0.92101	1.24733	I	0.1136600000000001	93.583	154.183	1.13367	1.226187313258522	93.453	96.533	100.17	104.353	107.571	111.026	114.949	122.079	127.951	132.727	135.77	139.071	142.531	146.126	149.768	152.743	153.956	153.418	152.15	150.265
S2diaN1A5	7	子	Object(suffix)	1.24733	1.3941	I	0.050389999999999935	105.936	133.902	1.3941	1.349829051062595	132.629	133.09	133.552	133.736	133.043	132.351	131.658	130.792	129.913	129.034	127.778	126.294	124.811	122.595	118.808	115.021	111.256	109.643	108.029	106.416
S2diaB5	1	小	Name(prefix)	0.31831	0.49957	yaw	0.03347	162.035	169.742	0.4661	0.49957	161.571	161.665	161.759	161.853	161.948	162.086	162.795	163.505	164.214	164.924	165.633	166.342	166.908	167.402	167.897	168.391	168.885	169.379	169.805	170.039
S2diaB5	2	银	Name	0.49957	0.64924	in	0.10616999999999999	133.209	166.72	0.64924	0.5443472118470772	166.7	166.717	166.318	165.826	162.213	157.814	154.764	152.093	150.97	150.329	149.01	147.458	145.165	142.591	140.602	138.855	137.241	135.688	134.522	133.548
S2diaB5	3	拿	Verb	0.64924	0.77886	a	0.08567000000000002	114.63	123.626	0.77886	0.69319	126.181	124.404	123.299	122.717	122.134	121.524	120.915	120.463	120.137	119.819	119.645	119.471	119.086	118.532	117.972	117.323	116.674	115.995	115.294	114.628
S2diaB5	4	了	Aspect	0.77886	0.85314	o	0.04803999999999997	103.567	115.266	0.8493480725623583	0.8103474036838585	115.127	115.25	115.211	115.171	115.132	115.093	114.81	114.517	114.224	113.932	113.081	111.671	110.262	108.852	107.464	106.582	105.701	104.819	103.938	103.567
S2diaB5	5	个	Classifier	0.85314	0.94253	o	0.029919999999999947	104.517	104.782	0.9234437331187008	0.91261	105.969	104.697	104.671	104.644	104.618	104.592	104.565	104.539	104.523	104.559	104.596	104.633	104.67	104.707	104.744	104.781	105.0	105.221	105.442	105.662
S2diaB5	6	篮	Object	0.94253	1.21327	E	0.24430000000000007	93.683	107.916	1.1382832154810858	0.9895194592646925	107.664	107.626	107.783	106.892	105.687	105.494	105.441	104.186	102.343	101.277	100.755	99.407	98.487	96.339	94.059	97.353	98.954	98.578	98.915	97.965
S2diaB5	7	子	Object(suffix)	1.21327	1.49432	I	0.14622000000000002	70.378	103.975	1.4814909297052155	1.3381	104.664	103.953	103.903	103.761	103.279	102.421	100.474	96.001	89.96	86.221	83.535	81.511	79.868	78.896	78.398	78.517	74.838	71.435	70.877	70.552
S2diaB1	1	小	Name(prefix)	0.35409	0.53569	yaw	0.05282999999999999	137.187	142.771	0.49432087113584233	0.526194914524476	137.791	137.694	137.545	137.396	137.247	137.281	137.44	137.599	137.757	138.24	138.998	139.756	140.514	141.128	141.588	142.048	142.508	142.539	141.997	141.455
S2diaB1	2	银	Name	0.53569	0.7225	in	0.15444999999999998	120.208	144.85	0.7140241457834839	0.56805	144.949	144.516	143.176	140.601	138.452	136.49	134.574	132.507	130.951	129.305	127.582	126.643	126.0	125.205	123.853	123.01	122.483	121.994	120.533	120.219
S2diaB1	3	拿	Verb	0.7225	0.8525	a	0.09479000000000004	107.79	116.056	0.8461233726388517	0.75771	116.913	116.047	115.636	115.225	114.569	113.837	113.068	112.26	111.536	111.074	110.612	110.326	110.043	109.734	109.415	109.058	108.657	108.288	108.047	107.806
S2diaB1	4	了	Aspect	0.8525	0.91558	o	0.03992999999999991	105.844	112.791	0.9123469387755104	0.8846167978041407	112.188	112.452	112.716	112.772	112.747	112.721	112.696	112.67	112.327	111.403	110.478	109.553	108.628	107.703	107.351	107.007	106.663	106.319	105.975	105.844
S2diaB1	5	个	Classifier	0.91558	1.0025	o	0.039999999999999925	104.342	111.725	0.9954354497813729	0.9659183673469389	111.725	111.725	111.402	110.29	109.179	108.067	106.955	105.843	105.593	105.404	105.214	105.025	104.836	104.711	104.634	104.557	104.479	104.402	104.391	104.617
S2diaB1	6	篮	Object	1.0025	1.29276	E	0.2535299999999998	91.763	107.417	1.28276	1.02923	107.365	104.649	105.613	106.472	106.047	104.51	103.759	103.521	103.906	104.259	103.866	103.281	102.269	101.829	100.939	100.111	99.442	99.102	98.225	95.242
S2diaB1	7	子	Object(suffix)	1.29276	1.63755	I	0.12473000000000001	70.543	102.398	1.526265499774925	1.4407573318147422	101.307	101.232	101.374	101.858	102.389	102.261	101.721	100.415	99.146	97.9	95.133	92.532	91.207	89.829	88.392	83.847	78.351	73.694	70.921	72.092
S2diaN1A1	1	小	Name(prefix)	0.47954	0.6749	yaw	0.04810000000000003	158.382	159.631	0.6510767688028374	0.6268	160.737	160.353	159.969	159.597	159.313	159.029	158.745	158.597	158.52	158.444	158.392	158.447	158.502	158.557	158.602	158.644	158.685	158.723	158.752	158.781
S2diaN1A1	2	英	Name	0.6749	0.83552	yin	0.16061999999999999	152.15	158.816	0.83552	0.6749	158.81	158.069	157.55	157.179	156.656	156.054	155.889	155.944	156.106	156.651	157.558	158.298	158.306	157.641	156.172	155.713	157.124	157.338	156.981	155.308
S2diaN1A1	3	捏	Verb	0.83552	0.9391	yE	0.08373000000000008	142.009	159.102	0.8709833260182155	0.9329552871689452	148.329	145.959	143.754	142.022	142.088	142.161	142.258	142.573	143.634	144.698	145.777	147.136	149.352	151.391	152.912	154.388	155.738	157.046	158.245	158.608
S2diaN1A1	4	了	Aspect	0.9391	0.99499	o	0.0353	149.992	170.522	0.99499	0.970570164117903	162.172	164.172	166.172	168.172	170.173	170.381	170.21	170.04	169.869	169.592	168.399	167.205	166.012	164.818	162.939	159.955	156.971	153.987	151.003	148.763
S2diaN1A1	5	个	Classifier	0.99499	1.09392	o	0.025679999999999925	109.156	112.987	1.0837244897959182	1.0669106731059457	111.278	111.671	111.896	112.12	112.344	112.568	112.792	112.955	112.714	112.474	112.233	111.993	111.752	111.511	111.201	110.851	110.501	110.152	109.802	109.452
S2diaN1A1	6	狮	Object	1.09392	1.44144	I	0.10505000000000009	100.131	157.512	1.32639	1.4180868531973785	96.681	99.151	100.93	102.286	105.448	108.96	112.933	117.255	121.841	127.001	131.888	136.531	139.983	143.92	148.346	151.997	155.047	157.001	156.641	155.572
S2diaN1A1	7	子	Object(suffix)	1.44144	1.58959	I	0.045780000000000154	114.001	132.676	1.57959	1.53381	135.514	134.727	133.939	133.151	132.222	131.077	129.932	128.787	127.425	125.992	124.559	123.115	121.595	120.075	118.555	117.267	116.235	115.204	114.172	112.596
S2diaNB1	1	小	Name(prefix)	0.53429	0.72103	yaw	0.06652999999999998	142.805	153.154	0.689325449588548	0.6545	154.45	153.965	153.48	152.788	151.671	150.554	149.436	148.023	146.386	144.749	143.113	143.788	144.999	146.21	147.413	148.481	149.55	150.619	151.455	151.742
S2diaNB1	2	银	Name	0.72103	0.89319	in	0.13935000000000008	120.883	149.263	0.89319	0.75384	151.295	149.813	148.407	147.046	144.171	140.945	136.505	132.984	132.258	131.014	129.145	127.422	125.774	125.064	124.479	123.628	122.816	122.107	121.509	121.032
S2diaNB1	3	拿	Verb	0.89319	1.0125	a	0.07957999999999998	110.779	117.263	1.0125	0.93292	118.152	117.505	116.842	116.168	115.494	114.822	114.15	113.478	112.903	112.515	112.127	111.797	111.699	111.601	111.495	111.263	111.03	110.798	110.41	110.008
S2diaNB1	4	了	Aspect	1.0125	1.08315	o	0.032359999999999944	103.672	105.021	1.07315	1.04079	105.949	105.8	105.652	105.503	105.354	105.206	105.057	104.889	104.714	104.539	104.365	104.19	104.015	103.841	103.665	103.461	103.256	103.052	102.848	102.643
S2diaNB1	5	个	Classifier	1.08315	1.18825	o	0.06396000000000002	86.314	105.745	1.1258900226757371	1.179517893142221	86.314	86.72	87.532	88.345	89.157	89.847	90.45	91.054	91.658	92.111	92.495	92.878	93.262	95.802	98.974	102.145	105.317	105.017	104.175	103.333
S2diaNB1	6	篮	Object	1.18825	1.52053	E	0.19099999999999984	95.849	110.345	1.4174329412749938	1.316940334851643	106.186	109.281	109.988	109.14	107.661	105.725	103.331	100.964	99.224	98.546	97.149	96.025	95.852	95.893	96.279	96.498	96.457	96.743	96.947	96.938
S2diaNB1	7	子	Object(suffix)	1.52053	1.76711	I	0.06390000000000007	86.345	97.752	1.72187	1.6707519485686608	97.238	97.238	97.278	97.41	97.541	97.672	97.226	95.881	94.537	93.192	92.447	92.354	92.262	92.169	91.292	89.813	88.335	86.856	83.267	78.562
S2diaNC5	1	小	Name(prefix)	0.37717	0.5325	yaw	0.054239999999999955	125.726	126.296	0.4969665882506574	0.5325	126.296	126.296	126.215	126.071	125.926	125.782	125.738	125.757	125.776	125.796	125.797	125.788	125.78	125.772	125.855	125.976	126.097	126.219	126.98	127.948
S2diaNC5	2	影	Name	0.5325	0.6425	yin	0.10999999999999999	125.01	130.222	0.5846286967766064	0.6425	128.915	129.963	129.703	129.152	128.263	127.491	126.83	126.14	125.427	125.109	125.035	125.751	126.855	127.443	127.833	128.311	128.815	129.462	130.14	130.629
S2diaNC5	3	买	Verb	0.6425	0.73156	@y	0.06072999999999995	131.126	134.345	0.73156	0.6755572919904494	133.921	134.228	134.189	133.938	133.687	133.426	133.063	132.701	132.338	132.046	131.809	131.572	131.343	131.337	131.331	131.325	131.294	131.238	131.183	131.127
S2diaNC5	4	了	Aspect	0.73156	0.79298	o	0.026900000000000035	123.845	126.667	0.7821655328798185	0.7597216545050895	126.426	126.496	126.565	126.635	126.612	126.51	126.408	126.306	126.203	126.101	125.999	125.897	125.709	125.457	125.205	124.953	124.701	124.448	124.196	123.944
S2diaNC5	5	把	Classifier	0.79298	0.9225	a	0.07833000000000001	94.706	104.591	0.9151028715560687	0.8464512471655328	104.591	104.378	103.869	103.359	102.71	101.996	101.281	100.903	100.544	100.188	99.843	99.498	99.285	99.218	99.151	97.938	96.319	94.707	94.872	95.037
S2diaNC5	6	椅	Object	0.9225	1.21636	i	0.2938600000000001	97.418	170.108	0.9225	1.1828604790960653	95.379	98.897	102.247	102.767	104.958	106.795	108.271	109.751	112.586	116.243	119.663	122.82	128.277	136.429	143.487	150.874	157.69	166.567	169.575	166.23
S2diaNC5	7	子	Object(suffix)	1.21636	1.39801	I	0.01407999999999987	90.558	90.558	1.37801	1.36393	95.853	95.357	94.862	94.366	93.87	93.375	92.879	92.384	91.888	91.393	90.897	90.503	90.326	90.15	89.974	89.798	89.622	89.445	89.269	89.093
S2diaN1D1	1	小	Name(prefix)	0.3525	0.55602	yaw	0.05609999999999998	145.989	151.0	0.5162953583180817	0.55602	148.366	148.119	147.585	147.052	146.518	145.991	146.231	146.471	146.711	146.951	147.415	148.062	148.708	149.355	149.963	150.201	150.439	150.677	150.915	151.132
S2diaN1D1	2	映	Name	0.55602	0.71727	in	0.12651	85.117	125.261	0.7004494719085514	0.59076	130.996	127.594	123.433	117.619	112.131	107.282	103.347	101.02	98.174	94.502	91.613	89.852	88.728	88.437	87.788	86.716	85.906	85.378	85.482	86.204
S2diaN1D1	3	买	Verb	0.71727	0.85261	@y	0.06555999999999995	115.647	129.667	0.78705	0.8514807226551467	113.543	115.745	115.973	116.202	116.43	116.966	117.694	118.422	119.151	120.197	121.323	122.448	123.574	124.319	125.06	125.801	126.562	127.416	128.269	129.123
S2diaN1D1	4	了	Aspect	0.85261	0.92431	o	0.03733999999999993	111.406	125.136	0.9139229024943311	0.87697	126.107	125.956	125.804	125.652	125.5	125.348	125.197	124.843	124.354	123.865	123.375	122.886	122.397	121.907	120.45	118.889	117.328	115.766	114.205	112.644
S2diaN1D1	5	双	Classifier	0.92431	1.1425	waN	0.09340999999999999	95.236	99.049	1.1425	1.1064670745509033	96.936	97.282	97.974	98.666	98.672	98.532	98.425	98.513	98.602	98.719	98.869	99.019	99.037	99.021	98.945	98.43	97.915	97.233	96.339	95.445
S2diaN1D1	6	袜	Object	1.1425	1.35285	a	0.17503000000000002	84.27	93.595	1.3514229024943312	1.17782	94.434	93.772	93.34	92.93	92.379	92.401	92.629	93.007	93.166	93.133	92.89	92.249	91.392	90.473	89.591	87.694	86.343	85.835	85.053	84.542
S2diaN1D1	7	子	Object(suffix)	1.35285	1.58779	I	0.07359000000000004	78.727	97.582	1.54779	1.4764229024943312	97.582	96.744	94.628	92.512	90.395	90.158	89.924	89.689	89.217	88.587	87.957	87.252	86.257	85.261	84.266	82.804	81.23	79.656	77.976	76.142
S2diaC5	1	小	Name(prefix)	0.2425	0.48305	yaw	0.06172	124.461	134.698	0.45731955790806555	0.4228970030875422	134.333	134.578	134.116	132.969	131.822	130.742	129.737	128.733	127.636	126.418	125.199	124.548	124.766	124.985	125.238	125.551	125.864	126.253	126.804	127.355
S2diaC5	2	影	Name	0.48305	0.6225	yin	0.13945000000000007	130.192	134.775	0.48305	0.5599887395183644	127.976	129.792	131.56	132.356	131.934	131.802	132.526	133.138	133.178	133.691	134.335	134.711	134.521	133.708	133.341	133.059	132.523	132.349	131.985	131.474
S2diaC5	3	买	Verb	0.6225	0.72405	@y	0.06592999999999993	135.456	137.62	0.72405	0.7054575384713332	135.466	135.504	135.646	135.788	135.978	136.218	136.458	136.765	137.109	137.452	137.471	137.411	137.35	137.44	137.536	137.596	137.389	137.181	136.819	136.043
S2diaC5	4	了	Aspect	0.72405	0.8025	o	0.04669000000000001	119.151	129.022	0.8025	0.75581	129.024	129.023	129.023	129.022	128.752	128.383	128.015	127.647	127.007	126.26	125.514	124.767	124.13	123.539	122.949	122.358	121.656	120.904	120.151	119.399
S2diaC5	5	把	Classifier	0.8025	0.9525	a	0.09999999999999998	105.655	116.099	0.9415254878652968	0.8675363062672334	113.518	115.111	115.656	116.031	115.674	115.339	115.053	114.712	114.3	113.758	113.114	112.143	111.024	110.301	109.67	108.198	106.729	106.136	105.768	106.37
S2diaC5	6	椅	Object	0.9525	1.23348	i	0.2809799999999999	111.161	187.748	0.9525	1.220871262520123	107.514	112.661	112.038	111.608	111.703	112.429	114.618	117.367	119.856	122.072	127.928	134.563	142.081	150.762	156.194	163.759	172.89	181.699	186.283	187.326
S2diaC5	7	子	Object(suffix)	1.23348	1.42202	I	0.0464	84.744	107.462	1.4196846655328796	1.37562	109.504	108.782	108.06	107.215	105.764	104.312	102.861	101.426	100.095	98.765	97.435	96.094	94.645	93.195	91.746	90.3	88.909	87.517	86.126	84.744
S2diaC2	1	小	Name(prefix)	0.1925	0.4125	yaw	0.06977	118.66	123.092	0.3988422281808587	0.3461734693877551	123.092	123.081	122.243	121.406	120.568	120.387	120.246	120.105	120.115	120.147	120.18	120.191	120.196	120.202	119.838	119.335	118.832	119.123	119.83	120.536
S2diaC2	2	影	Name	0.4125	0.6325	yin	0.21999999999999997	125.127	141.194	0.4125	0.5699896449488652	121.647	126.375	130.78	130.515	130.893	132.192	134.006	135.571	137.001	138.5	139.183	139.194	140.117	140.58	140.928	140.629	139.793	139.22	138.556	137.873
S2diaC2	3	买	Verb	0.6325	0.74934	@y	0.08623999999999998	132.571	134.502	0.74934	0.6631	135.986	134.565	133.766	132.995	132.739	133.059	133.378	133.512	133.643	133.745	133.82	133.892	133.784	133.676	133.499	133.261	133.026	132.84	132.653	132.53
S2diaC2	4	了	Aspect	0.74934	0.81673	o	0.037269999999999914	109.537	116.647	0.80673	0.76946	120.397	119.074	117.752	116.603	116.334	116.066	115.798	115.53	115.262	114.703	113.735	112.767	111.798	110.83	109.861	109.112	108.473	107.834	107.195	106.556
S2diaC2	5	把	Classifier	0.81673	0.95038	a	0.05649000000000004	88.487	92.704	0.9284686976123372	0.89389	94.818	94.185	93.551	92.918	92.424	92.001	91.578	91.155	90.501	89.812	89.124	88.497	88.621	88.745	88.868	89.0	89.153	89.306	89.459	89.56
S2diaC2	6	椅	Object	0.95038	1.14795	i	0.19757000000000002	89.717	115.628	0.95038	1.123873529287999	89.607	92.53	99.016	100.146	100.031	100.084	100.178	100.323	101.068	102.773	105.411	108.208	110.243	111.383	112.22	113.138	114.09	115.442	115.625	113.685
S2diaC2	7	子	Object(suffix)	1.14795	1.3285	I	0.019630000000000036	87.566	87.566	1.27887	1.2911576397611024	87.239	87.27	87.302	87.334	87.365	87.397	87.429	87.46	87.492	87.524	87.555	87.557	87.544	87.53	87.516	87.503	87.489	87.475	87.462	87.448
S2diaNC2	1	小	Name(prefix)	0.2325	0.46625	yaw	0.08374999999999999	147.232	156.178	0.4358508363138601	0.3825	160.142	158.028	155.989	154.472	152.954	151.85	151.062	150.274	149.557	148.84	148.232	147.758	147.284	147.376	147.537	147.806	148.295	148.784	149.264	149.741
S2diaNC2	2	影	Name	0.46625	0.6825	yin	0.21625	149.63	191.594	0.4735785508504666	0.6428062757669584	150.074	149.754	151.239	154.122	157.514	160.235	165.51	167.33	167.874	170.571	173.884	179.174	184.825	187.24	188.839	190.777	191.512	191.21	189.556	187.743
S2diaNC2	3	买	Verb	0.6825	0.80908	@y	0.09089000000000003	150.864	168.089	0.80908	0.71819	174.111	168.06	167.855	167.651	167.657	167.756	167.796	167.72	167.644	167.828	168.017	167.877	167.537	167.049	166.153	165.256	164.136	162.994	159.773	154.846
S2diaNC2	4	了	Aspect	0.80908	0.8716	o	0.02599000000000007	134.42	139.004	0.8616	0.83561	141.424	140.761	140.098	139.435	138.809	138.253	137.697	137.141	136.585	136.029	135.473	134.917	134.323	133.417	132.51	131.604	130.697	129.79	128.884	127.977
S2diaNC2	5	把	Classifier	0.8716	0.99402	a	0.07167999999999997	90.874	102.066	0.99402	0.9260657596371882	102.066	102.066	101.891	101.709	101.527	101.214	100.896	100.578	99.955	99.326	98.698	97.652	96.604	95.556	95.026	94.495	93.958	92.922	91.886	90.874
S2diaNC2	6	椅	Object	0.99402	1.17065	i	0.17662999999999995	90.911	107.897	0.99402	1.1431020323679484	90.887	91.983	97.284	98.812	99.434	98.457	95.926	92.961	93.18	95.015	98.027	100.533	102.057	103.387	103.486	105.584	107.218	107.732	106.872	104.292
S2diaNC2	7	子	Object(suffix)	1.17065	1.34206	I	0.03878000000000004	90.386	96.847	1.33206	1.3037546598712886	95.081	95.521	95.96	96.4	96.84	96.703	96.557	96.412	96.266	96.12	95.571	94.548	93.525	92.501	91.478	90.455	89.858	89.291	88.725	88.158
S2diaN1D2	1	小	Name(prefix)	0.35587	0.54393	yaw	0.04744000000000004	167.624	171.144	0.54393	0.5007568027210886	171.144	171.144	171.038	170.51	169.982	169.454	168.925	168.397	168.231	168.091	167.951	167.811	167.672	167.695	167.801	167.907	168.014	168.12	167.734	166.585
S2diaN1D2	2	映	Name	0.54393	0.74744	in	0.17172999999999994	87.136	148.817	0.7165889892863782	0.57571	148.842	139.661	132.263	126.022	115.475	108.758	104.518	101.254	98.507	95.715	92.211	89.96	88.665	88.587	88.133	87.637	87.145	87.283	87.781	88.561
S2diaN1D2	3	买	Verb	0.74744	0.94278	@y	0.10868	73.534	88.015	0.94278	0.8341	88.317	87.995	87.907	87.819	86.359	84.803	84.244	84.259	84.168	83.865	83.576	83.671	83.766	82.998	81.917	80.438	78.441	76.525	75.145	73.765
S2diaN1D2	4	了	Aspect	0.94278	1.02496	o	0.04538000000000009	93.81	104.231	0.97958	1.0185059045178324	90.334	91.243	92.152	93.061	93.938	94.67	95.401	96.133	96.864	97.596	98.613	99.774	100.934	102.094	103.254	104.216	104.115	104.014	103.913	103.812
S2diaN1D2	5	双	Classifier	1.02496	1.21716	waN	0.10268999999999995	102.844	105.316	1.1355915447885658	1.11447	107.651	105.6	103.548	103.044	102.922	102.956	103.26	103.563	103.566	103.547	103.639	103.845	104.065	104.515	104.964	105.179	105.255	105.242	104.862	104.482
S2diaN1D2	6	袜	Object	1.21716	1.39545	a	0.12065000000000015	84.009	96.017	1.37545	1.2548	97.307	96.387	95.426	94.436	93.549	92.754	91.96	91.168	90.33	89.418	88.661	88.248	87.883	87.671	87.353	86.502	85.653	84.822	83.998	83.485
S2diaN1D2	7	子	Object(suffix)	1.39545	1.61478	I	0.0585500000000001	80.095	86.808	1.57478	1.51623	87.045	86.972	86.899	86.827	86.522	86.139	85.756	85.373	84.779	83.952	83.125	82.298	81.567	81.205	80.843	80.48	80.118	78.953	77.734	76.515
S2diaB2	1	小	Name(prefix)	0.30723	0.5325	yaw	0.07965	177.325	190.261	0.46483916228600675	0.5325	178.109	177.992	177.742	177.492	177.527	178.138	178.75	179.465	180.615	181.765	182.962	185.0	187.037	189.074	189.544	189.866	190.189	190.054	189.787	189.519
S2diaB2	2	银	Name	0.5325	0.8078	in	0.23392000000000002	122.56	178.068	0.8078	0.57388	180.945	175.453	169.871	164.842	161.067	156.49	150.753	146.514	146.091	144.996	142.559	138.252	135.556	133.849	131.867	129.368	127.448	126.196	124.745	123.289
S2diaB2	3	拿	Verb	0.8078	0.94023	a	0.09628000000000003	105.86	118.466	0.94023	0.84395	119.981	119.319	118.657	118.051	117.468	116.852	115.978	115.103	114.136	113.082	112.027	110.995	109.964	109.058	108.409	107.759	107.099	106.435	105.733	104.783
S2diaB2	4	了	Aspect	0.94023	1.0139	o	0.03400000000000003	100.695	101.092	0.9785034881773859	0.9599	101.762	101.578	101.393	101.209	101.024	100.923	100.89	100.856	100.823	100.789	100.756	100.722	100.706	100.76	100.814	100.868	100.922	100.976	101.03	101.084
S2diaB2	5	个	Classifier	1.0139	1.10582	o	0.010660000000000114	86.172	86.172	1.10582	1.09516	88.071	87.968	87.864	87.761	87.658	87.555	87.451	87.348	87.245	87.142	87.038	86.935	86.832	86.729	86.625	86.522	86.419	86.316	86.212	86.176
S2diaB2	6	篮	Object	1.10582	1.28448	E	0.14621000000000017	74.246	89.902	1.28448	1.13827	89.972	89.402	88.229	88.031	88.218	88.28	87.851	86.255	84.79	83.418	82.02	80.829	80.687	79.775	77.948	77.478	77.426	76.388	75.413	74.569
S2diaB2	7	子	Object(suffix)	1.28448	1.5625	I	0.11119999999999997	62.081	81.442	1.500828891188402	1.434840572088293	80.075	80.075	80.617	81.225	81.394	81.319	80.946	80.117	79.006	76.256	73.506	71.614	69.819	67.219	64.186	62.321	62.191	62.18	62.818	63.456
S2diaNB2	1	小	Name(prefix)	0.5125	0.7179	yaw	0.05120000000000002	160.023	165.362	0.6829557431216938	0.7179	160.99	160.754	160.518	160.282	160.113	160.094	160.074	160.054	160.035	160.202	160.617	161.032	161.447	161.862	162.421	163.099	163.777	164.456	165.134	165.543
S2diaNB2	2	银	Name	0.7179	0.9625	in	0.20550000000000002	119.379	158.316	0.9625	0.757	159.86	157.703	155.615	151.287	147.418	142.596	138.813	136.447	133.814	131.723	129.901	128.097	126.53	125.161	123.015	121.609	120.691	120.047	119.602	119.351
S2diaNB2	3	拿	Verb	0.9625	1.0842	a	0.08259000000000016	106.762	115.43	1.0842	1.00161	116.655	116.234	115.814	115.381	114.815	114.25	113.675	112.956	112.237	111.523	110.962	110.401	109.839	109.271	108.703	108.135	107.683	107.234	106.784	106.299
S2diaNB2	4	了	Aspect	1.0842	1.1431	o	0.038350000000000106	103.394	106.34	1.138639455782313	1.113497407719634	105.968	106.048	106.128	106.209	106.289	106.31	106.226	106.141	106.057	105.973	105.889	105.805	105.481	105.113	104.745	104.378	104.01	103.642	103.394	103.394
S2diaNB2	5	个	Classifier	1.1431	1.22184	o	0.029340000000000144	98.202	98.435	1.22184	1.1981164029303015	98.379	98.389	98.398	98.408	98.417	98.427	98.432	98.405	98.378	98.35	98.323	98.296	98.268	98.241	98.214	98.024	97.722	97.42	97.118	96.816
S2diaNB2	6	篮	Object	1.22184	1.40855	E	0.14664999999999995	86.001	94.39	1.39855	1.2883816712314635	90.581	90.987	91.891	93.545	94.189	94.388	94.176	93.759	92.833	92.184	91.735	90.924	90.072	89.272	88.59	88.043	87.626	87.229	86.484	85.243
S2diaNB2	7	子	Object(suffix)	1.40855	1.65589	I	0.09082999999999997	72.558	86.945	1.62589	1.538639455782313	86.945	86.754	85.857	84.959	83.875	82.573	81.271	79.454	77.425	75.395	75.234	75.162	75.021	74.609	74.196	73.738	73.226	72.713	71.26	69.399
S2diaN1A2	1	小	Name(prefix)	0.37431	0.57535	yaw	0.053590000000000027	163.854	168.279	0.5325201209801037	0.5654561289162667	165.995	165.263	164.53	163.867	164.036	164.205	164.375	164.733	165.23	165.726	166.209	166.531	166.853	167.175	167.471	167.748	168.025	168.232	167.658	167.084
S2diaN1A2	2	英	Name	0.57535	0.7833	yin	0.20794999999999997	132.43	171.181	0.655065021015131	0.7502594582697477	166.51	163.349	159.845	153.629	148.525	144.255	137.445	133.238	132.655	133.905	136.474	139.222	143.466	148.474	153.07	154.26	164.146	171.021	158.245	158.582
S2diaN1A2	3	捏	Verb	0.7833	0.88623	yE	0.06755	162.302	171.306	0.8583599760818224	0.80868	171.512	171.175	170.811	170.447	169.691	168.655	167.619	166.526	165.419	164.33	163.756	163.182	162.714	162.55	162.387	162.362	162.486	162.61	162.634	162.616
S2diaN1A2	4	了	Aspect	0.88623	0.95802	o	0.015589999999999993	145.712	145.712	0.95802	0.94243	153.972	153.259	152.547	151.834	151.122	150.409	149.697	148.984	148.272	147.559	146.847	146.134	145.453	144.817	144.181	143.545	142.909	142.274	141.638	141.002
S2diaN1A2	5	个	Classifier	0.95802	1.02619	o	0.03313999999999995	109.605	117.149	1.02619	0.9978659542897136	115.421	115.962	116.504	117.045	116.614	115.951	115.288	114.624	113.961	113.297	112.627	111.957	111.287	110.616	109.946	109.261	108.559	107.857	107.156	106.454
S2diaN1A2	6	狮	Object	1.02619	1.26474	I	0.05676999999999999	94.396	99.985	1.2169570852027163	1.2532664861988365	94.709	94.561	94.412	94.425	94.458	94.49	94.837	95.406	95.975	96.524	97.023	97.522	98.021	98.611	99.202	99.793	99.807	99.544	99.28	99.116
S2diaN1A2	7	子	Object(suffix)	1.26474	1.4005	I	0.04676999999999998	85.339	101.225	1.4005	1.354591128117914	101.225	100.837	100.221	99.606	98.991	97.774	96.193	94.613	93.032	91.493	89.98	88.467	86.954	86.203	85.949	85.696	85.442	84.931	84.246	83.56
S2diaD2	1	小	Name(prefix)	0.40317	0.61215	yaw	0.05838999999999994	171.123	178.279	0.5788757599460996	0.55376	183.329	181.135	178.94	176.746	174.552	172.358	171.18	171.311	171.442	171.573	171.703	171.834	171.965	172.555	173.469	174.383	175.297	176.211	177.125	178.039
S2diaD2	2	映	Name	0.61215	0.8725	in	0.14823000000000008	70.297	81.615	0.7749930068794604	0.72427	86.218	81.006	78.322	75.639	73.575	72.064	70.554	70.716	71.22	71.752	72.469	73.185	73.683	73.894	74.105	74.095	74.006	73.924	74.052	74.181
S2diaD2	3	买	Verb	0.8725	1.18998	@y	0.05137999999999998	82.637	147.065	1.1596699503135603	1.1286	158.73	143.299	135.023	126.747	118.472	110.196	101.92	93.645	85.369	82.73	82.869	83.008	83.147	83.286	83.424	83.563	83.702	83.971	84.258	84.544
S2diaD2	4	了	Aspect	1.18998	1.25939	o	0.01419999999999999	89.974	89.974	1.22519	1.23939	89.643	89.692	89.741	89.79	89.839	89.888	89.936	89.992	90.072	90.152	90.231	90.311	90.391	90.471	90.55	90.63	90.71	90.789	90.869	90.949
S2diaD2	5	双	Classifier	1.25939	1.48186	waN	0.13068999999999997	103.353	105.555	1.4335960627683464	1.35117	106.365	105.462	104.559	103.822	104.323	104.823	105.3	105.385	105.47	105.555	104.838	104.118	103.398	103.67	104.009	104.348	104.173	103.925	103.677	103.611
S2diaD2	6	袜	Object	1.48186	1.67894	a	0.13668999999999998	84.709	101.765	1.6196215132577876	1.52225	102.285	101.827	100.936	99.977	99.019	97.247	95.423	93.601	92.001	90.4	88.813	87.368	85.922	84.713	84.741	84.769	85.048	86.146	87.244	87.979
S2diaD2	7	子	Object(suffix)	1.67894	1.9641	I	0.08560999999999996	63.86	86.36	1.88703	1.80142	86.206	86.283	86.36	84.64	82.912	81.183	79.455	77.894	76.683	75.472	74.261	73.05	71.406	69.529	67.653	65.776	63.9	62.553	61.218	59.883
S2diaND2	1	小	Name(prefix)	0.21584	0.43081	yaw	0.08323000000000003	183.805	205.192	0.43081	0.35051303854875276	205.192	203.751	198.867	193.983	190.054	188.449	186.843	185.684	185.631	185.577	185.532	185.505	185.479	185.585	186.033	186.481	186.529	185.531	184.532	182.623
S2diaND2	2	映	Name	0.43081	0.6287	in	0.16787000000000002	85.694	149.645	0.576231600623235	0.46083	151.838	144.939	137.668	127.677	118.195	109.556	102.745	96.858	92.193	89.849	88.887	88.138	87.122	86.252	85.919	86.586	88.299	89.904	90.981	90.815
S2diaND2	3	买	Verb	0.6287	0.72514	@y	0.06103999999999998	84.277	85.19	0.6857539123747745	0.72514	85.035	84.938	84.841	84.745	84.648	84.551	84.455	84.358	84.311	84.517	84.723	84.93	85.123	85.14	85.156	85.173	85.19	85.963	86.756	87.549
S2diaND2	4	了	Aspect	0.72514	0.78873	o	0.04244999999999999	89.78	92.715	0.74628	0.7880130385487528	89.471	89.626	89.78	89.8	89.82	89.839	89.859	89.879	89.91	90.025	90.141	90.257	90.373	90.489	90.66	91.023	91.386	91.749	92.112	92.474
S2diaND2	5	双	Classifier	0.78873	0.96992	waN	0.10357000000000005	102.389	106.432	0.89678902673451	0.86635	109.693	107.85	106.068	104.489	102.911	102.543	102.447	102.542	102.923	103.303	103.206	103.104	103.256	103.595	103.921	104.174	104.428	104.442	104.375	104.232
S2diaND2	6	袜	Object	0.96992	1.14257	a	0.10389000000000004	88.162	97.695	1.12257	1.01868	98.956	97.998	97.188	96.448	95.745	95.142	94.539	93.8	93.041	92.219	91.324	90.469	90.239	90.009	89.797	89.595	89.311	88.779	88.247	87.589
S2diaND2	7	子	Object(suffix)	1.14257	1.38577	I	0.033070000000000155	60.783	71.507	1.3130130385487528	1.288013038548753	71.507	71.507	71.507	71.507	70.879	70.08	69.282	68.483	67.685	66.886	66.088	65.33	64.71	64.09	63.47	62.849	62.229	61.609	60.989	60.783
S2diaA2	1	小	Name(prefix)	0.32566	0.5625	yaw	0.08967000000000003	151.795	167.416	0.5501108347434676	0.47283	172.102	169.773	167.444	165.039	162.634	161.616	160.757	160.258	159.846	159.637	159.51	159.487	159.527	158.736	157.216	155.401	153.215	152.01	152.623	152.99
S2diaA2	2	英	Name	0.5625	0.6625	yin	0.09999999999999998	120.405	152.38	0.6624702350621271	0.5625	152.657	152.102	151.011	149.625	147.758	145.468	142.761	140.112	137.496	135.66	134.077	134.27	134.685	130.884	127.435	126.353	125.211	123.894	122.536	121.111
S2diaA2	0	儿	EXTRA	0.6625	0.78943	R	0.12693	121.221	154.518	0.6625	0.7701547285375242	120.625	121.177	121.859	122.935	124.494	126.23	127.906	129.509	130.816	132.286	133.977	136.957	139.822	142.774	147.223	150.598	153.085	154.164	152.373	150.028
S2diaA2	3	捏	Verb	0.78943	0.95237	yE	0.10413000000000006	141.074	151.537	0.8908354466007348	0.84824	156.181	153.373	150.973	149.341	146.778	143.438	142.043	141.314	141.169	141.185	141.959	142.977	144.464	146.02	147.634	148.374	148.809	149.099	149.308	149.07
S2diaA2	4	了	Aspect	0.95237	1.0225	o	0.038389999999999924	148.577	160.135	1.0125	0.9846375530786814	158.145	158.7	159.256	159.561	159.695	159.829	159.963	160.097	159.501	158.609	157.716	156.824	155.932	154.558	153.084	151.61	150.135	148.661	147.829	147.036
S2diaA2	5	个	Classifier	1.0225	1.1225	o	0.039590000000000014	99.612	106.562	1.1225	1.0968922763380797	101.703	102.699	103.695	104.692	105.688	106.002	106.144	106.286	106.428	106.485	105.265	104.045	102.825	101.604	100.702	100.455	100.208	99.961	99.713	99.596
S2diaA2	6	狮	Object	1.1225	1.40843	I	0.06788000000000016	94.542	105.041	1.34055	1.3811813291922346	92.942	94.371	95.25	96.055	96.939	98.417	99.895	101.265	102.438	103.61	104.292	104.638	104.983	104.659	104.198	103.708	102.827	101.946	101.078	100.242
S2diaA2	7	子	Object(suffix)	1.40843	1.58448	I	0.05918000000000001	99.666	104.299	1.58448	1.5253	104.765	104.289	103.813	103.639	103.547	103.455	103.591	103.869	104.147	104.162	103.855	103.548	103.188	102.694	102.2	101.687	101.026	100.365	99.703	98.136
S2diaNA2	1	小	Name(prefix)	0.32844	0.52104	yaw	0.07960999999999996	136.833	142.563	0.4660250821976113	0.5129611167926186	142.269	141.744	140.855	139.842	138.423	137.003	136.9	136.975	137.676	138.943	140.111	140.795	141.478	140.48	139.099	139.174	140.962	142.555	142.473	142.391
S2diaNA2	2	英	Name	0.52104	0.69617	yin	0.17513	117.138	137.489	0.5950701851341922	0.52104	140.818	137.093	135.19	131.592	128.361	125.384	122.502	121.32	117.982	118.302	119.526	120.72	123.115	125.534	127.269	129.289	131.122	132.617	134.459	135.962
S2diaNA2	3	捏	Verb	0.69617	0.8306	yE	0.08393000000000006	136.854	139.383	0.7851867383329217	0.8306	138.902	139.252	139.338	139.267	139.028	138.529	138.02	137.458	136.896	136.857	136.861	137.184	137.651	137.985	138.159	138.283	138.229	138.175	138.186	138.199
S2diaNA2	4	了	Aspect	0.8306	0.90929	o	0.04963000000000006	139.496	151.379	0.90929	0.8667551904929407	151.099	151.231	151.363	151.328	151.27	151.212	151.095	150.429	149.762	149.096	148.306	147.254	146.201	145.149	143.926	142.557	141.189	139.821	138.716	137.694
S2diaNA2	5	个	Classifier	0.90929	1.00004	o	0.035700000000000065	89.065	105.188	1.00004	0.9680590986394557	105.188	105.188	105.188	104.906	104.599	104.292	103.985	103.678	103.177	102.579	101.98	101.381	100.783	99.539	97.375	95.211	93.047	90.883	88.994	88.546
S2diaNA2	6	狮	Object	1.00004	1.24158	I	0.051429999999999865	80.848	86.853	1.1930590986394558	1.2290931130014027	80.848	80.848	81.877	83.062	84.246	85.208	85.39	85.573	85.755	85.855	85.895	85.935	85.975	86.201	86.441	86.681	86.722	86.263	85.804	85.346
S2diaNA2	7	子	Object(suffix)	1.24158	1.4023	I	0.02968000000000015	83.756	85.039	1.36262	1.377605959632688	83.284	83.538	83.791	84.045	84.298	84.552	84.758	84.804	84.85	84.896	84.942	84.988	85.035	84.854	84.65	84.447	84.244	84.041	83.838	83.756
S2diaN1B2	1	小	Name(prefix)	0.29212	0.4733	yaw	0.06429000000000001	146.805	150.015	0.4463852903184497	0.40901	153.479	152.316	151.152	150.001	149.401	148.802	148.202	147.652	147.426	147.201	146.976	146.826	146.912	146.998	147.084	147.21	147.408	147.607	147.806	148.038
S2diaN1B2	2	银	Name	0.4733	0.67908	in	0.17825999999999997	118.068	150.571	0.67908	0.50082	151.676	149.255	146.048	143.79	140.923	137.521	133.583	132.118	130.896	129.106	126.912	125.289	123.969	122.258	120.825	119.645	118.746	118.267	118.077	118.001
S2diaN1B2	3	拿	Verb	0.67908	0.78845	a	0.07687999999999995	101.346	114.256	0.78845	0.71157	116.99	115.492	113.945	112.169	110.393	108.617	107.68	106.813	105.946	105.407	105.028	104.65	104.215	103.702	103.188	102.688	102.253	101.818	101.382	100.335
S2diaN1B2	4	了	Aspect	0.78845	0.8577	o	0.020950000000000024	94.309	97.288	0.8435827664399093	0.82675	98.347	98.091	97.835	97.579	97.323	97.072	96.822	96.573	96.323	96.074	95.824	95.575	95.325	95.075	94.826	94.576	94.327	94.309	94.309	94.309
S2diaN1B2	5	个	Classifier	0.8577	0.93857	o	0.023070000000000035	89.322	89.827	0.9267065316958536	0.93857	90.951	90.531	90.11	89.812	89.765	89.719	89.672	89.625	89.579	89.532	89.485	89.439	89.392	89.345	89.452	89.716	89.981	90.245	90.51	90.775
S2diaN1B2	6	篮	Object	0.93857	1.14708	E	0.17715000000000014	85.435	95.115	1.077499848785666	0.96993	95.603	95.216	93.812	92.589	92.457	89.946	88.648	88.661	87.99	87.262	86.561	85.997	85.624	86.006	87.241	87.728	88.263	88.621	88.242	87.079
S2diaN1B2	7	子	Object(suffix)	1.14708	1.34304	I	0.05519000000000007	77.895	85.651	1.30304	1.24785	88.744	87.708	86.671	85.64	84.946	84.253	83.559	82.865	82.353	82.033	81.713	81.392	81.072	80.39	79.692	78.994	78.295	77.115	75.289	73.462
S2diaN1C2	1	小	Name(prefix)	0.23808	0.43629	yaw	0.06767000000000001	153.578	156.828	0.3892233410118532	0.43629	154.398	154.45	154.503	154.29	153.994	153.697	153.647	153.765	153.882	154.1	154.451	154.802	155.072	155.113	155.154	155.241	155.758	156.275	156.792	159.348
S2diaN1C2	2	影	Name	0.43629	0.62594	yin	0.18965000000000004	165.414	211.233	0.43629	0.5835476318282472	162.059	169.938	174.821	175.916	178.44	182.225	186.323	191.637	195.055	199.121	202.886	205.037	205.989	206.958	209.206	210.999	210.964	210.14	209.498	209.092
S2diaN1C2	3	买	Verb	0.62594	0.7432	@y	0.08377999999999997	191.533	206.639	0.7432	0.65942	209.328	207.468	205.199	202.6	200.002	199.295	198.595	198.136	197.986	197.836	197.777	197.73	197.606	197.318	197.03	196.33	195.505	194.582	193.284	191.987
S2diaN1C2	4	了	Aspect	0.7432	0.80416	o	0.033540000000000014	nan	nan	nan	nan	nan	nan	nan	nan	nan	nan	nan	nan	nan	nan	nan	nan	nan	nan	nan	nan	nan	nan	nan	nan
S2diaN1C2	5	把	Classifier	0.80416	0.9325	a	0.05889999999999995	102.749	107.951	0.9325	0.8736	108.254	108.109	107.965	107.535	107.076	106.618	106.212	105.948	105.685	105.421	105.049	104.614	104.179	103.744	103.47	103.197	102.925	102.327	101.14	99.953
S2diaN1C2	6	椅	Object	0.9325	1.08536	i	0.1428600000000001	98.425	107.09	0.9368545200868983	1.0611971499129786	98.765	98.955	99.485	99.909	100.082	100.056	99.765	99.367	99.047	98.876	98.743	98.603	98.444	99.656	101.265	103.222	105.097	106.462	107.025	106.442
S2diaN1C2	7	子	Object(suffix)	1.08536	1.2475	I	0.04862999999999995	75.573	89.395	1.247050684034741	1.19887	90.228	89.372	88.854	88.336	87.819	87.301	86.963	86.727	86.49	86.253	85.758	84.409	83.06	81.711	80.362	79.274	78.24	77.207	76.173	75.696
